test	expected	got	verdict
T1	1290	[?2026h[?25l[1G‚†ô [K[?25h[?2026l[?2026h[?25l[1G‚†π [K[?25h[?2026l[?2026h[?25l[1G‚†∏ [K[?25h[?2026l[?2026h[?25l[1G‚†º [K[?25h[?2026l[?2026h[?25l[1G‚†¥ [K[?25h[?2026l[?2026h[?25l[1G‚†¶ [K[?25h[?2026l[?2026h[?25l[1G‚†ß [K[?25h[?2026l[?2026h[?25l[1G‚†á [K[?25h[?2026l[?2026h[?25l[1G‚†è [K[?25h[?2026l[?2026h[?25l[1G‚†ã [K[?25h[?2026l[?2026h[?25l[1G‚†ô [K[?25h[?2026l[?2026h[?25l[1G‚†π [K[?25h[?2026l[?2026h[?25l[1G‚†∏ [K[?25h[?2026l[?2026h[?25l[1G‚†º [K[?25h[?2026l[?2026h[?25l[1G‚†¥ [K[?25h[?2026l[?2026h[?25l[1G‚†¶ [K[?25h[?2026l[?2026h[?25l[1G‚†ß [K[?25h[?2026l[?2026h[?25l[1G‚†á [K[?25h[?2026l[?2026h[?25l[1G‚†è [K[?25h[?2026l[?2026h[?25l[1G‚†ã [K[?25h[?2026l[?2026h[?25l[1G‚†ô [K[?25h[?2026l[?2026h[?25l[1G‚†π [K[?25h[?2026l[?2026h[?25l[1G‚†∏ [K[?25h[?2026l[?2026h[?25l[1G‚†º [K[?25h[?2026l[?2026h[?25l[1G‚†¥ [K[?25h[?2026l[?2026h[?25l[1G‚†¶ [K[?25h[?2026l[?2026h[?25l[1G‚†ß [K[?25h[?2026l[?2026h[?25l[1G‚†á [K[?25h[?2026l[?2026h[?25l[1G‚†á [K[?25h[?2026l[?2026h[?25l[1G‚†ã [K[?25h[?2026l[?25l[?2026h[?25l[1G[K[?25h[?2026l[2K[1G[?25h129[?25l[?25h0[?25l[?25h	FAIL
T10	3 9 15 27	[?2026h[?25l[1G‚†ô [K[?25h[?2026l[?2026h[?25l[1G‚†ô [K[?25h[?2026l[?25l[?2026h[?25l[1G[K[?25h[?2026l[2K[1G[?25h3[?25l[?25h [?25l[?25h9[?25l[?25h [?25l[?25h15[?25l[?25h [?25l[?25h27[?25l[?25h	FAIL
T11	-	[?2026h[?25l[1G‚†ô [K[?25h[?2026l[?2026h[?25l[1G‚†π [K[?25h[?2026l[?25l[?2026h[?25l[1G[K[?25h[?2026l[2K[1G[?25h–í[?25l[?25h–æ—Å–∫[?25l[?25h—Ä–µ—Å[?25l[?25h–µ–Ω—å[?25l[?25h–µ[?25l[?25h.[?25l[?25h	SKIP
T12	2500	[?2026h[?25l[1G‚†ô [K[?25h[?2026l[?2026h[?25l[1G‚†π [K[?25h[?2026l[?25l[?2026h[?25l[1G[K[?25h[?2026l[2K[1G[?25h250[?25l[?25h0[?25l[?25h	FAIL
T13	-	[?2026h[?25l[1G‚†ô [K[?25h[?2026l[?2026h[?25l[1G‚†π [K[?25h[?2026l[?2026h[?25l[1G‚†∏ [K[?25h[?2026l[?25l[?2026h[?25l[1G[K[?25h[?2026l[2K[1G[?25h4[?25l[?25h	SKIP
T14	–¥–∞	[?2026h[?25l[1G‚†ô [K[?25h[?2026l[?2026h[?25l[1G‚†π [K[?25h[?2026l[?2026h[?25l[1G‚†∏ [K[?25h[?2026l[?25l[?2026h[?25l[1G[K[?25h[?2026l[2K[1G[?25h–î[?25l[?25h–∞[?25l[?25h![?25l[?25h	FAIL
T15	tree	[?2026h[?25l[1G‚†ô [K[?25h[?2026l[?2026h[?25l[1G‚†π [K[?25h[?2026l[?25l[?2026h[?25l[1G[K[?25h[?2026l[2K[1G[?25hTree[?25l[?25h.[?25l[?25h	FAIL
T16	9	[?2026h[?25l[1G‚†ô [K[?25h[?2026l[?2026h[?25l[1G‚†π [K[?25h[?2026l[?2026h[?25l[1G‚†∏ [K[?25h[?2026l[?25l[?2026h[?25l[1G[K[?25h[?2026l[2K[1G[?25h–ú[?25l[?25h–∞–∫—Å[?25l[?25h–∏–º–∞–ª—å[?25l[?25h–Ω–æ–µ[?25l[?25h —á–∏—Å–ª–æ[?25l[?25h –≤[?25l[?25h —Å–ø–∏—Å[?25l[?25h–∫–µ[?25l[?25h -[?25l[?25h —ç—Ç–æ[?25l[?25h [?25l[?25h9[?25l[?25h.[?25l[?25h	FAIL
T17	3	[?2026h[?25l[1G‚†ô [K[?25h[?2026l[?2026h[?25l[1G‚†π [K[?25h[?2026l[?25l[?2026h[?25l[1G[K[?25h[?2026l[2K[1G[?25h–í[?25l[?25h –ø—Ä–µ–¥–ª–æ–∂[?25l[?25h–µ–Ω–∏–∏[?25l[?25h "[?25l[?25h–°[?25l[?25h–∏–Ω[?25l[?25h–∏–π[?25l[?25h –∫[?25l[?25h–∏—Ç[?25l[?25h —Å–∞–º—ã–π[?25l[?25h –±–æ–ª—å—à–æ–π[?25l[?25h"[?25l[?25h –µ—Å—Ç—å[?25l[?25h [?25l[?25h4[?25l[?25h —Å–ª–æ–≤–∞[?25l[?25h:	FAIL
T18	25	[?2026h[?25l[1G‚†ô [K[?25h[?2026l[?2026h[?25l[1G‚†π [K[?25h[?2026l[?2026h[?25l[1G‚†∏ [K[?25h[?2026l[?25l[?2026h[?25l[1G[K[?25h[?2026l[2K[1G[?25h–°[?25l[?25h—Ä–µ–¥[?25l[?25h–Ω–µ–µ[?25l[?25h –∞[?25l[?25h—Ä–∏—Ñ[?25l[?25h–º–µ—Ç[?25l[?25h–∏—á–µ—Å–∫–æ–µ[?25l[?25h -[?25l[?25h —ç—Ç–æ[?25l[?25h —Å—É–º[?25l[?25h–º–∞[?25l[?25h —ç–ª–µ–º–µ–Ω—Ç[?25l[?25h–æ–≤[?25l[?25h —Å–ø–∏—Å–∫–∞[?25l[?25h,[?25l[?25h —Ä–∞–∑–¥–µ–ª[?25l[?25h–µ–Ω–Ω–∞—è[?25l[?25h –Ω–∞[?25l[?25h –∫–æ–ª–∏—á–µ—Å—Ç–≤–æ[?25l[?25h —ç–ª–µ–º–µ–Ω—Ç[?25l[?25h–æ–≤[?25l[?25h.	FAIL
T19	10	[?2026h[?25l[1G‚†ô [K[?25h[?2026l[?2026h[?25l[1G‚†ô [K[?25h[?2026l[?2026h[?25l[1G‚†π [K[?25h[?2026l[?25l[?2026h[?25l[1G[K[?25h[?2026l[2K[1G[?25h10[?25l[?25h	FAIL
T2	333	[?2026h[?25l[1G‚†ô [K[?25h[?2026l[?2026h[?25l[1G‚†π [K[?25h[?2026l[?25l[?2026h[?25l[1G[K[?25h[?2026l[2K[1G[?25h333[?25l[?25h	FAIL
T20	-	[?2026h[?25l[1G‚†ô [K[?25h[?2026l[?2026h[?25l[1G‚†π [K[?25h[?2026l[?2026h[?25l[1G‚†∏ [K[?25h[?2026l[?25l[?2026h[?25l[1G[K[?25h[?2026l[2K[1G[?25h Correct[?25l[?25h![?25l[?25h If[?25l[?25h the[?25l[?25h statement[?25l[?25h "[?25l[?25hnot[?25l[?25h ([?25l[?25hA[?25l[?25h and[?25l[?25h B[?25l[?25h)"[?25l[?25h is[?25l[?25h true[?25l[?25h,[?25l[?25h then[?25l[?25h it[?25l[?25h's[?25l[?25h equivalent[?25l[?25h to[?25l[?25h the[?25l[?25h statement[?25l[?25h "[?25l[?25hnot[?25l[?25h A[?25l[?25h or[?25l[?25h not[?25l[?25h B[?25l[?25h".[?25l[?25h	SKIP
T21	—Ç–æ–∫	[?2026h[?25l[1G‚†ô [K[?25h[?2026l[?2026h[?25l[1G‚†π [K[?25h[?2026l[?25l[?2026h[?25l[1G[K[?25h[?2026l[2K[1G[?25h–¢[?25l[?25h–æ—Ç[?25l[?25h	FAIL
T22	–¥–∞	[?2026h[?25l[1G‚†ô [K[?25h[?2026l[?2026h[?25l[1G‚†ô [K[?25h[?2026l[?25l[?2026h[?25l[1G[K[?25h[?2026l[2K[1G[?25h–î[?25l[?25h–∞[?25l[?25h.[?25l[?25h	FAIL
T23	–±–æ–Ω–æ–Ω	[?2026h[?25l[1G‚†ô [K[?25h[?2026l[?2026h[?25l[1G‚†ô [K[?25h[?2026l[?25l[?2026h[?25l[1G[K[?25h[?2026l[2K[1G[?25h–ë[?25l[?25h–∞–Ω[?25l[?25h–∞–Ω[?25l[?25h ->[?25l[?25h –ë[?25l[?25h–æ–Ω[?25l[?25h–æ–Ω[?25l[?25h	FAIL
T24	—Å–æ–ª–Ω—Ü–µ –ª—É–Ω–∞	[?2026h[?25l[1G‚†ô [K[?25h[?2026l[?2026h[?25l[1G‚†π [K[?25h[?2026l[?25l[?2026h[?25l[1G[K[?25h[?2026l[2K[1G[?25h—Å[?25l[?25h–æ–ª–Ω[?25l[?25h—Ü–µ[?25l[?25h –ª[?25l[?25h—É[?25l[?25h–Ω–∞[?25l[?25h	FAIL
T3	173	[?2026h[?25l[1G‚†ô [K[?25h[?2026l[?2026h[?25l[1G‚†π [K[?25h[?2026l[?25l[?2026h[?25l[1G[K[?25h[?2026l[2K[1G[?25h–í[?25l[?25h–æ–∑[?25l[?25h–≤–µ–¥[?25l[?25h–µ–º[?25l[?25h –∫[?25l[?25h –¥–µ–π—Å—Ç–≤[?25l[?25h–∏—é[?25l[?25h:	FAIL
T4	12340	[?2026h[?25l[1G‚†ô [K[?25h[?2026l[?2026h[?25l[1G‚†ô [K[?25h[?2026l[?25l[?2026h[?25l[1G[K[?25h[?2026l[2K[1G[?25h21[?25l[?25h,[?25l[?25h400[?25l[?25h	FAIL
T5	5	[?2026h[?25l[1G‚†ô [K[?25h[?2026l[?2026h[?25l[1G‚†π [K[?25h[?2026l[?2026h[?25l[1G‚†∏ [K[?25h[?2026l[?25l[?2026h[?25l[1G[K[?25h[?2026l[2K[1G[?25h5[?25l[?25h	FAIL
T6	–ü–∞—Ä–∏–∂	[?2026h[?25l[1G‚†ã [K[?25h[?2026l[?2026h[?25l[1G‚†π [K[?25h[?2026l[?25l[?2026h[?25l[1G[K[?25h[?2026l[2K[1G[?25h–ü[?25l[?25h–∞—Ä–∏[?25l[?25h–∂[?25l[?25h.[?25l[?25h	FAIL
T7	5	[?2026h[?25l[1G‚†ô [K[?25h[?2026l[?2026h[?25l[1G‚†π [K[?25h[?2026l[?2026h[?25l[1G‚†∏ [K[?25h[?2026l[?25l[?2026h[?25l[1G[K[?25h[?2026l[2K[1G[?25h5[?25l[?25h	FAIL
T8	-	[?2026h[?25l[1G‚†ã [K[?25h[?2026l[?2026h[?25l[1G‚†π [K[?25h[?2026l[?2026h[?25l[1G‚†π [K[?25h[?2026l[?25l[?2026h[?25l[1G[K[?25h[?2026l[2K[1G[?25h2[?25l[?25h +[?25l[?25h [?25l[?25h4[?25l[?25h +[?25l[?25h [?25l[?25h6[?25l[?25h =[?25l[?25h [?25l[?25h12[?25l[?25h	SKIP
T9	80235	[?2026h[?25l[1G‚†ô [K[?25h[?2026l[?2026h[?25l[1G‚†π [K[?25h[?2026l[?25l[?2026h[?25l[1G[K[?25h[?2026l[2K[1G[?25h802[?25l[?25h35[?25l[?25h	FAIL